ts_ms,market_id,venue,yes_bid,yes_ask,no_bid,no_ask,yes_bid_n,yes_ask_n,no_bid_n,no_ask_n
1788585068424,122,3,0.5100,0.5200,0.4800,0.4900,3154,3416,3416,3154
1788585068424,123,3,0.4800,0.4900,0.5100,0.5200,2175,2227,2227,2175
1788585068424,124,3,0.8400,0.8500,0.1500,0.1600,3650,3109,3109,3650
1788585068424,125,3,0.1700,0.1800,0.8200,0.8300,2866,1913,1913,2866
1788585068454,124,2,0.8370,0.8380,0.1620,0.1630,4815,8116,8116,4815
1788585068454,125,2,0.1870,0.1890,0.8110,0.8130,164,857,857,164
1788585068455,123,2,0.4650,0.4660,0.5340,0.5350,6553,4094,4094,6553
1788585068467,122,2,0.5380,0.5390,0.4610,0.4620,514,2650,2650,514
1788585068744,123,2,0.4650,0.4660,0.5340,0.5350,5553,4094,4094,5553
1788585069516,123,1,0.4700,0.4800,0.5200,0.5300,33132,29497,29497,33132
1788585069516,122,1,0.5200,0.5300,0.4700,0.4800,15014,58225,58225,15014
1788585069516,125,1,0.1500,0.1600,0.8400,0.8500,328174,236032,236032,328174
1788585069517,124,1,0.8400,0.8500,0.1500,0.1600,323912,488117,488117,323912
1788585070447,125,2,0.1870,0.1890,0.8110,0.8130,164,857,857,164
1788585073307,123,2,0.4650,0.4660,0.5340,0.5350,6553,4094,4094,6553
1788585075559,125,2,0.1870,0.1890,0.8110,0.8130,164,857,857,164
1788585075659,125,2,0.1870,0.1890,0.8110,0.8130,164,857,857,164
1788585075760,125,2,0.1870,0.1890,0.8110,0.8130,164,857,857,164
1788585076383,122,2,0.5380,0.5390,0.4610,0.4620,514,2650,2650,514
1788585080680,125,2,0.1870,0.1890,0.8110,0.8130,164,857,857,164
1788585082071,124,2,0.8370,0.8380,0.1620,0.1630,3815,8116,8116,3815
1788585082272,124,2,0.8370,0.8380,0.1620,0.1630,4815,8116,8116,4815
1788585087152,122,2,0.5380,0.5390,0.4610,0.4620,514,3192,3192,514
1788585087543,123,2,0.4650,0.4660,0.5340,0.5350,6554,4094,4094,6554
1788585087543,122,2,0.5380,0.5390,0.4610,0.4620,514,2192,2192,514
1788585087950,122,2,0.5380,0.5390,0.4610,0.4620,514,3192,3192,514
1788585102388,122,2,0.5380,0.5390,0.4610,0.4620,508,3188,3188,508
1788585102695,122,2,0.5380,0.5390,0.4610,0.4620,514,3192,3192,514
1788585105047,123,2,0.4650,0.4660,0.5340,0.5350,5554,4094,4094,5554
1788585108741,125,2,0.1870,0.1890,0.8110,0.8130,164,857,857,164
1788585109057,125,2,0.1870,0.1890,0.8110,0.8130,164,857,857,164
1788585109543,125,2,0.1870,0.1890,0.8110,0.8130,164,857,857,164
1788585111398,124,2,0.8370,0.8380,0.1620,0.1630,3815,8116,8116,3815
1788585111654,124,2,0.8370,0.8380,0.1620,0.1630,4815,8116,8116,4815
1788585113054,123,2,0.4650,0.4660,0.5340,0.5350,6554,4094,4094,6554
1788585114759,125,2,0.1870,0.1890,0.8110,0.8130,164,857,857,164
1788585118259,122,2,0.5380,0.5390,0.4610,0.4620,514,2192,2192,514
1788585118366,122,2,0.5380,0.5390,0.4610,0.4620,514,3192,3192,514
1788585119900,125,2,0.1870,0.1890,0.8110,0.8130,164,857,857,164
1788585119972,125,2,0.1870,0.1890,0.8110,0.8130,164,857,857,164
1788585120510,122,1,0.5200,0.5300,0.4700,0.4800,15014,58219,58219,15014
1788585126143,124,2,0.8370,0.8380,0.1620,0.1630,4815,8110,8110,4815
1788585126385,124,2,0.8370,0.8380,0.1620,0.1630,4815,8116,8116,4815
1788585137716,125,2,0.1870,0.1890,0.8110,0.8130,164,857,857,164
1788585138715,125,2,0.1870,0.1890,0.8110,0.8130,164,857,857,164
1788585141709,125,2,0.1870,0.1890,0.8110,0.8130,164,857,857,164
1788585141961,125,2,0.1870,0.1890,0.8110,0.8130,164,857,857,164
1788585143028,125,2,0.1870,0.1890,0.8110,0.8130,164,857,857,164
1788585144575,125,2,0.1870,0.1890,0.8110,0.8130,164,857,857,164
1788585145088,124,2,0.8370,0.8380,0.1620,0.1630,3815,8116,8116,3815
1788585147439,124,2,0.8370,0.8380,0.1620,0.1630,3815,8116,8116,3815
1788585147538,123,2,0.4650,0.4660,0.5340,0.5350,5554,4094,4094,5554
1788585148159,125,2,0.1870,0.1890,0.8110,0.8130,164,857,857,164
1788585148241,125,2,0.1870,0.1890,0.8110,0.8130,164,857,857,164
1788585149626,122,2,0.5380,0.5390,0.4610,0.4620,514,2192,2192,514
1788585149748,122,2,0.5380,0.5390,0.4610,0.4620,514,3192,3192,514
1788585151851,124,2,0.8370,0.8380,0.1620,0.1630,4815,8116,8116,4815
1788585156160,123,2,0.4650,0.4660,0.5340,0.5350,5554,4094,4094,5554
1788585157990,123,2,0.4650,0.4660,0.5340,0.5350,6554,4094,4094,6554
1788585166692,123,2,0.4650,0.4660,0.5340,0.5350,6554,4094,4094,6554
1788585167512,125,1,0.1500,0.1600,0.8400,0.8500,328174,235951,235951,328174
1788585175706,125,2,0.1870,0.1890,0.8110,0.8130,164,857,857,164
1788585175911,125,2,0.1870,0.1890,0.8110,0.8130,164,857,857,164
1788585176091,125,2,0.1870,0.1890,0.8110,0.8130,164,857,857,164
1788585178684,122,2,0.5380,0.5390,0.4610,0.4620,514,2192,2192,514
1788585181205,124,2,0.8370,0.8380,0.1620,0.1630,3815,8116,8116,3815
1788585181322,125,2,0.1870,0.1890,0.8110,0.8130,164,857,857,164
1788585181506,124,2,0.8370,0.8380,0.1620,0.1630,4815,8116,8116,4815
1788585186111,122,2,0.5380,0.5390,0.4610,0.4620,514,3192,3192,514
1788585186514,125,2,0.1870,0.1890,0.8110,0.8130,164,857,857,164
1788585186816,125,2,0.1870,0.1890,0.8110,0.8130,164,857,857,164
1788585188014,123,2,0.4650,0.4660,0.5340,0.5350,5554,4094,4094,5554
1788585192395,123,2,0.4650,0.4660,0.5340,0.5350,6554,4094,4094,6554
1788585205091,125,2,0.1870,0.1890,0.8110,0.8130,164,857,857,164
1788585205154,125,2,0.1870,0.1890,0.8110,0.8130,164,857,857,164
1788585206729,125,2,0.1870,0.1890,0.8110,0.8130,164,857,857,164
1788585211870,125,2,0.1870,0.1890,0.8110,0.8130,164,857,857,164
1788585212363,124,2,0.8370,0.8380,0.1620,0.1630,3815,8116,8116,3815
1788585213488,124,2,0.8370,0.8380,0.1620,0.1630,4815,8116,8116,4815
1788585217176,125,2,0.1870,0.1890,0.8110,0.8130,164,857,857,164
1788585217192,125,2,0.1870,0.1890,0.8110,0.8130,164,857,857,164
1788585218199,122,2,0.5380,0.5390,0.4610,0.4620,514,2192,2192,514
1788585220591,122,2,0.5380,0.5390,0.4610,0.4620,514,3192,3192,514
1788585223803,123,2,0.4650,0.4660,0.5340,0.5350,5554,4094,4094,5554
1788585225371,123,2,0.4650,0.4660,0.5340,0.5350,6554,4094,4094,6554
1788585227314,122,2,0.5380,0.5390,0.4610,0.4620,514,3188,3188,514
1788585227408,122,2,0.5380,0.5390,0.4610,0.4620,514,3192,3192,514
1788585238069,125,2,0.1870,0.1890,0.8110,0.8130,164,857,857,164
1788585238545,125,2,0.1870,0.1890,0.8110,0.8130,164,857,857,164
1788585241254,125,2,0.1870,0.1890,0.8110,0.8130,164,857,857,164
1788585244005,125,2,0.1870,0.1890,0.8110,0.8130,164,857,857,164
1788585248305,124,2,0.8370,0.8380,0.1620,0.1630,3815,8116,8116,3815
1788585249021,125,2,0.1870,0.1890,0.8110,0.8130,164,857,857,164
1788585249073,125,2,0.1870,0.1890,0.8110,0.8130,164,857,857,164
1788585249533,124,2,0.8370,0.8380,0.1620,0.1630,4815,8116,8116,4815
1788585251686,122,2,0.5380,0.5390,0.4610,0.4620,514,2192,2192,514
1788585251978,122,2,0.5380,0.5390,0.4610,0.4620,514,3192,3192,514
1788585252912,122,2,0.5380,0.5390,0.4610,0.4620,514,3188,3188,514
1788585253084,122,2,0.5380,0.5390,0.4610,0.4620,514,3192,3192,514
1788585254350,122,2,0.5380,0.5390,0.4610,0.4620,514,2192,2192,514
1788585255064,122,2,0.5380,0.5390,0.4610,0.4620,514,3192,3192,514
1788585256701,123,2,0.4650,0.4660,0.5340,0.5350,5554,4094,4094,5554
1788585257693,123,2,0.4650,0.4660,0.5340,0.5350,6554,4094,4094,6554
1788585269193,125,2,0.1870,0.1890,0.8110,0.8130,164,842,842,164
1788585269808,125,2,0.1870,0.1890,0.8110,0.8130,164,842,842,164
1788585277591,125,2,0.1870,0.1890,0.8110,0.8130,164,842,842,164
1788585279330,125,2,0.1870,0.1890,0.8110,0.8130,164,842,842,164
1788585280547,124,2,0.8370,0.8380,0.1620,0.1630,3815,8116,8116,3815
1788585280871,124,2,0.8370,0.8380,0.1620,0.1630,5803,8116,8116,5803
1788585281050,124,2,0.8370,0.8380,0.1620,0.1630,6803,8116,8116,6803
1788585283932,124,2,0.8370,0.8380,0.1620,0.1630,6803,8116,8116,6803
1788585289571,122,2,0.5380,0.5390,0.4610,0.4620,514,3192,3192,514
1788585289873,124,2,0.8370,0.8380,0.1620,0.1630,6803,8116,8116,6803
1788585290490,124,2,0.8370,0.8380,0.1620,0.1630,6803,8116,8116,6803
1788585292438,123,2,0.4650,0.4660,0.5340,0.5350,5554,4094,4094,5554
1788585296842,123,2,0.4650,0.4660,0.5340,0.5350,6554,4094,4094,6554
1788585301039,124,2,0.8370,0.8380,0.1620,0.1630,6803,8116,8116,6803
1788585303709,123,2,0.4650,0.4660,0.5340,0.5350,6554,4093,4093,6554
1788585304010,123,2,0.4650,0.4660,0.5340,0.5350,6554,4093,4093,6554
1788585304522,123,2,0.4650,0.4660,0.5340,0.5350,6554,4093,4093,6554
1788585309641,123,2,0.4650,0.4660,0.5340,0.5350,6554,4093,4093,6554
1788585311895,124,2,0.8370,0.8380,0.1620,0.1630,5803,8116,8116,5803
1788585311895,125,2,0.1870,0.1890,0.8110,0.8130,164,842,842,164
1788585313733,124,2,0.8370,0.8380,0.1620,0.1630,6803,8116,8116,6803
1788585313734,125,2,0.1870,0.1890,0.8110,0.8130,164,842,842,164
1788585314733,123,2,0.4650,0.4660,0.5340,0.5350,6554,4093,4093,6554
1788585314834,123,2,0.4650,0.4660,0.5340,0.5350,6554,4093,4093,6554
1788585318041,122,2,0.5380,0.5390,0.4610,0.4620,514,3192,3192,514
1788585321350,122,2,0.5380,0.5390,0.4610,0.4620,514,2192,2192,514
1788585321450,122,2,0.5380,0.5390,0.4610,0.4620,514,3192,3192,514
1788585324283,125,2,0.1870,0.1890,0.8110,0.8130,164,842,842,164
1788585324357,122,2,0.5380,0.5390,0.4610,0.4620,514,3192,3192,514
1788585324458,122,2,0.5380,0.5390,0.4610,0.4620,514,2192,2192,514
1788585326129,122,2,0.5380,0.5390,0.4610,0.4620,508,2188,2188,508
1788585326265,122,2,0.5380,0.5390,0.4610,0.4620,514,2192,2192,514
1788585326566,122,2,0.5380,0.5390,0.4610,0.4620,514,3192,3192,514
1788585328376,123,2,0.4650,0.4660,0.5340,0.5350,5554,4093,4093,5554
1788585329174,123,2,0.4650,0.4660,0.5340,0.5350,5554,4093,4093,5554
1788585329275,123,2,0.4650,0.4660,0.5340,0.5350,5554,4093,4093,5554
1788585330224,123,2,0.4650,0.4660,0.5340,0.5350,6554,4093,4093,6554
1788585334512,123,2,0.4650,0.4660,0.5340,0.5350,6554,4093,4093,6554
1788585339746,123,2,0.4650,0.4660,0.5340,0.5350,6554,4093,4093,6554
1788585339804,123,2,0.4650,0.4660,0.5340,0.5350,6554,4093,4093,6554
1788585343023,125,2,0.1870,0.1890,0.8110,0.8130,164,842,842,164
1788585343614,124,2,0.8370,0.8380,0.1620,0.1630,5803,8116,8116,5803
1788585343717,124,2,0.8370,0.8380,0.1620,0.1630,6803,8116,8116,6803
1788585345173,125,2,0.1870,0.1890,0.8110,0.8130,164,842,842,164
1788585350196,124,2,0.8370,0.8380,0.1620,0.1630,6803,8110,8110,6803
1788585350497,124,2,0.8370,0.8380,0.1620,0.1630,6803,8116,8116,6803
1788585358076,122,2,0.5380,0.5390,0.4610,0.4620,514,2192,2192,514
1788585358259,123,2,0.4650,0.4660,0.5340,0.5350,6554,4093,4093,6554
1788585359303,122,2,0.5380,0.5390,0.4610,0.4620,514,3192,3192,514
1788585361666,123,2,0.4650,0.4660,0.5340,0.5350,6555,4093,4093,6555
1788585363670,123,2,0.4650,0.4660,0.5340,0.5350,6555,4093,4093,6555
1788585363871,123,2,0.4650,0.4660,0.5340,0.5350,5555,4093,4093,5555
1788585364217,123,2,0.4650,0.4660,0.5340,0.5350,6555,4093,4093,6555
1788585368780,123,2,0.4650,0.4660,0.5340,0.5350,6555,4093,4093,6555
1788585368979,123,2,0.4650,0.4660,0.5340,0.5350,6555,4093,4093,6555
1788585374592,125,2,0.1870,0.1890,0.8110,0.8130,164,842,842,164
1788585374694,125,2,0.1870,0.1890,0.8110,0.8130,164,842,842,164
1788585376498,124,2,0.8370,0.8380,0.1620,0.1630,5803,8116,8116,5803
1788585376707,124,2,0.8370,0.8380,0.1620,0.1630,6803,8116,8116,6803
1788585387535,123,2,0.4650,0.4660,0.5340,0.5350,6555,4093,4093,6555
1788585388383,123,2,0.4650,0.4660,0.5340,0.5350,6555,4093,4093,6555
1788585389305,122,2,0.5380,0.5390,0.4610,0.4620,514,2192,2192,514
1788585389436,122,2,0.5380,0.5390,0.4610,0.4620,514,3192,3192,514
1788585393609,123,2,0.4650,0.4660,0.5340,0.5350,6555,4093,4093,6555
1788585395148,123,2,0.4650,0.4660,0.5340,0.5350,5555,4093,4093,5555
1788585395348,123,2,0.4650,0.4660,0.5340,0.5350,6555,4093,4093,6555
